{"cameraMode":{"drawMode":0,"name":"Shaded","section":"Shading Mode"},"sceneLighting":true,"audioPlay":false,"sceneViewState":{"m_AlwaysRefresh":false,"showFog":true,"showSkybox":true,"showFlares":true,"showImageEffects":true,"showParticleSystems":true,"showVisualEffectGraphs":true,"m_FxEnabled":true},"in2DMode":false,"pivot":{"x":357.7000427246094,"y":0.559999942779541,"z":-253.8000030517578},"rotation":{"x":0.23893307149410249,"y":-0.40910112857818606,"z":0.11190184205770493,"w":0.8735135197639465},"size":2.2028183937072756,"orthographic":false}